{
  "alias" : "merger",
  "name" : "merger",
  "annotation" : "merge two sorted files",
  "keywords" : [ ],
  "description" : "",
  "inputs" : {
    "i" : {
      "title" : "ID of the first file",
      "description" : "",
      "type" : "integer",
      "required" : true
    },
    "j" : {
      "title" : "ID of the second file",
      "description" : "",
      "type" : "number",
      "required" : true
    },
    "vi" : {
      "title" : "version of the first file",
      "description" : "",
      "type" : "integer",
      "required" : true
    },
    "vj" : {
      "title" : "version of the second file",
      "description" : "",
      "type" : "integer",
      "required" : true
    }
  },
  "outputs" : {
    "echo" : {
      "title" : "",
      "description" : "echo string",
      "type" : "string",
      "format" : "",
      "required" : false
    }
  },
  "type" : "application",
  "config" : {
    "command" : "cmd.exe /c merger.exe ${i} ${j} ${vi} ${vj} ",
    "inputMappings" : [ ],
    "outputMappings" : [ {
      "param" : "echo",
      "file" : "stdout",
      "pattern" : ""
    } ],
    "resourceRequirements" : {
      "nodes" : {
        "defaultValue" : 1,
        "allowOverride" : false
      },
      "coresPerNode" : {
        "defaultValue" : 1,
        "allowOverride" : false
      }
    }
  },
  "retryFailedTasks" : false,
  "files" : [ {
    "uri" : "file:///ApplicationFiles/merger.exe",
    "public" : false,
    "stageIn" : true
  } ],
  "version" : "1.10.0"
}