{
  "alias" : "sorter",
  "name" : "sorter",
  "annotation" : "a file sorting  ",
  "keywords" : [ ],
  "description" : "",
  "inputs" : {
    "i" : {
      "title" : "ID of the file to be sorted",
      "description" : "",
      "type" : "integer",
      "minimum" : 0,
      "maximum" : 99,
      "required" : true
    },
    "vi" : {
      "title" : "version of the file",
      "description" : "",
      "type" : "integer",
      "required" : true
    }
  },
  "outputs" : {
    "echo" : {
      "title" : "",
      "description" : "echo string",
      "type" : "string",
      "format" : "",
      "required" : false
    }
  },
  "type" : "application",
  "config" : {
    "command" : "cmd.exe /c sorter.exe ${i}  ${vi} ",
    "inputMappings" : [ ],
    "outputMappings" : [ {
      "param" : "echo",
      "file" : "stdout",
      "pattern" : ""
    } ],
    "resourceRequirements" : {
      "nodes" : {
        "defaultValue" : 1,
        "allowOverride" : false
      },
      "coresPerNode" : {
        "defaultValue" : 1,
        "allowOverride" : false
      }
    }
  },
  "retryFailedTasks" : false,
  "files" : [ {
    "uri" : "file:///ApplicationFiles/sorter.exe",
    "public" : false,
    "stageIn" : true
  } ],
  "version" : "1.5.0"
}